frame,x0,y0,x1,y1,w,h,mode,dominance,hist_topk
0,111,101,135,138,25,38,723,0.5126315789473684,"[(723, 487, 0.5126315789473684), (719, 219, 0.2305263157894737), (720, 173, 0.18210526315789474)]"
0,144,169,155,180,12,12,743,1.0,"[(743, 144, 1.0)]"
0,141,95,150,109,10,15,62,0.9466666666666667,"[(62, 142, 0.9466666666666667), (32, 3, 0.02), (33, 3, 0.02)]"
73,110,94,145,145,36,52,723,0.5592948717948718,"[(723, 1047, 0.5592948717948718), (719, 397, 0.21207264957264957), (720, 192, 0.10256410256410256)]"
73,143,169,156,182,14,14,743,1.0,"[(743, 196, 1.0)]"
73,169,154,187,181,19,28,62,0.7518796992481203,"[(62, 400, 0.7518796992481203), (60, 104, 0.19548872180451127), (33, 14, 0.02631578947368421)]"
